{
  "model_type": "EncoderOnlyTransformer",
  "task": "Topic Classification",
  "classes": [
    "Neural Networks & Deep Learning",
    "Natural Language Processing",
    "Computer Vision",
    "Reinforcement Learning"
  ],
  "num_classes": 4,
  "created_at": "2025-12-20T19:41:09.545692",
  "architecture": {
    "vocab_size": 8000,
    "d_model": 256,
    "num_layers": 4,
    "num_heads": 8,
    "d_ff": 1024,
    "max_seq_len": 256,
    "dropout": 0.1,
    "pooling_type": "cls"
  },
  "training": {
    "num_epochs": 20,
    "batch_size": 32,
    "learning_rate": 0.0003,
    "weight_decay": 0.01,
    "num_samples": 10000,
    "train_split": 0.9
  },
  "num_parameters": 5208068,
  "model_size_mb": 19.867202758789062,
  "best_epoch": 20,
  "best_val_accuracy": 0.803,
  "training_history": {
    "train_losses": [
      1.3486008242512426,
      1.2408970822679235,
      1.1938854077606336,
      1.123670774782803,
      0.9353471757672357,
      0.8451514821103279,
      0.757982389406955,
      0.6877796276875422,
      0.6411235508977944,
      0.6027251476725788,
      0.5571030330256368,
      0.5112986181010591,
      0.4613832893999333,
      0.42674756974827316,
      0.37880098132799706,
      0.35938365880320683,
      0.3440792622929769,
      0.3364857743289454,
      0.30467515938142514,
      0.2930384923882307
    ],
    "train_accuracies": [
      0.3701111111111111,
      0.384,
      0.41844444444444445,
      0.4911111111111111,
      0.5942222222222222,
      0.6458888888888888,
      0.714,
      0.7523333333333333,
      0.7714444444444445,
      0.7895555555555556,
      0.8052222222222222,
      0.8272222222222222,
      0.842,
      0.8612222222222222,
      0.8762222222222222,
      0.8816666666666667,
      0.8865555555555555,
      0.8875555555555555,
      0.8993333333333333,
      0.9025555555555556
    ],
    "val_losses": [
      1.2386704124510288,
      1.2049992233514786,
      1.1924715284258127,
      1.0578672718256712,
      1.1283465642482042,
      0.9070011433213949,
      0.851518084295094,
      0.784791364800185,
      0.8603137843310833,
      0.7021483909338713,
      0.802870481275022,
      0.7512545004719868,
      0.8118127221241593,
      0.7606898441445082,
      0.7822302657878026,
      0.8101778951240703,
      0.8766097975894809,
      0.9362801667302847,
      0.9258351176977158,
      0.9015378144104034
    ],
    "val_accuracies": [
      0.366,
      0.403,
      0.403,
      0.495,
      0.469,
      0.616,
      0.746,
      0.751,
      0.724,
      0.757,
      0.757,
      0.784,
      0.751,
      0.778,
      0.785,
      0.776,
      0.753,
      0.742,
      0.774,
      0.803
    ]
  },
  "final_train_loss": 0.2930384923882307,
  "final_train_accuracy": 0.9025555555555556,
  "final_val_loss": 0.9015378144104034,
  "final_val_accuracy": 0.803
}